Ref,Val,Package,PosX,PosY,Rot,Side
"B_SW1","BOOTSEL_SW","KEY-SMD_4P-L4.2-W3.2-P2.20-LS4.6",79.610000,-44.740000,0.000000,bottom
"B_SW2","BOOTSEL_SW","KEY-SMD_4P-L4.2-W3.2-P2.20-LS4.6",171.460000,-50.940000,-90.000000,bottom
"C1","10μF","C_0603_1608Metric",94.400000,-56.275000,-90.000000,bottom
"C2","100nF","C_0402_1005Metric",93.200000,-56.530000,-90.000000,bottom
"C3","10μF","C_0603_1608Metric",91.950000,-52.225000,90.000000,bottom
"C4","100nF","C_0402_1005Metric",95.800000,-49.380000,90.000000,bottom
"C5","4.7μF","C_0402_1005Metric",97.080000,-48.840000,90.000000,bottom
"C6","10μF 25V","C_0603_1608Metric",98.350000,-48.975000,90.000000,bottom
"C7","100nF","C_0402_1005Metric",90.700000,-52.470000,90.000000,bottom
"C8","10μF","C_0603_1608Metric",107.550000,-52.775000,90.000000,bottom
"C9","100nF","C_0402_1005Metric",108.750000,-53.320000,90.000000,bottom
"C10","22μF","C_0603_1608Metric",104.500000,-57.975000,90.000000,bottom
"C11","100nF","C_0402_1005Metric",105.700000,-57.730000,90.000000,bottom
"C12","10μF","C_0402_1005Metric",115.900000,-53.370000,90.000000,bottom
"C13","10μF","C_0603_1608Metric",113.300000,-53.825000,90.000000,bottom
"C14","100nF","C_0402_1005Metric",143.300000,-74.030000,90.000000,bottom
"C15","100nF","C_0402_1005Metric",132.500000,-77.480000,90.000000,bottom
"C16","10μF","C_0402_1005Metric",133.450000,-77.480000,90.000000,bottom
"C17","100nF","C_0402_1005Metric",135.350000,-77.480000,90.000000,bottom
"C18","10μF","C_0402_1005Metric",136.300000,-77.480000,90.000000,bottom
"C19","10μF","C_0402_1005Metric",126.470000,-70.150000,0.000000,bottom
"C20","100nF","C_0402_1005Metric",126.470000,-71.100000,0.000000,bottom
"C21","10μF","C_0402_1005Metric",190.900000,-70.352500,90.000000,bottom
"C22","100nF","C_0402_1005Metric",133.300000,-63.220000,-90.000000,bottom
"C23","100nF","C_0402_1005Metric",134.400000,-77.480000,90.000000,bottom
"C24","100nF","C_0402_1005Metric",126.470000,-73.000000,0.000000,bottom
"C25","100nF","C_0402_1005Metric",129.180000,-69.175000,0.000000,bottom
"C26","100nF","C_0402_1005Metric",143.820000,-67.850000,180.000000,bottom
"C27","100nF","C_0402_1005Metric",191.850000,-70.352500,90.000000,bottom
"C28","100nF","C_0402_1005Metric",143.820000,-70.000000,180.000000,bottom
"C29","1μF","C_0402_1005Metric",185.720000,-68.950000,180.000000,bottom
"C30","100nF","C_0402_1005Metric",138.200000,-63.230000,-90.000000,bottom
"C31","100nF","C_0402_1005Metric",146.795000,-84.500000,180.000000,bottom
"C32","100nF","C_0402_1005Metric",143.820000,-68.950000,180.000000,bottom
"C33","100nF","C_0402_1005Metric",146.795000,-85.425000,180.000000,bottom
"C34","100nF","C_0402_1005Metric",143.820000,-70.950000,180.000000,bottom
"C36","100nF","C_0402_1005Metric",138.200000,-77.480000,90.000000,bottom
"C38","100nF","C_0402_1005Metric",137.250000,-77.480000,90.000000,bottom
"C41","100nF","C_0402_1005Metric",134.500000,-63.230000,-90.000000,bottom
"C42","100nF","C_0402_1005Metric",137.250000,-63.230000,-90.000000,bottom
"C44","100nF","C_0402_1005Metric",139.150000,-63.230000,-90.000000,bottom
"C46","100nF","C_0402_1005Metric",140.100000,-77.490000,-90.000000,bottom
"C47","100nF","C_0402_1005Metric",139.150000,-77.490000,-90.000000,bottom
"C48","4.7μF","C_0402_1005Metric",143.820000,-66.900000,180.000000,bottom
"C49","100nF","C_0402_1005Metric",97.750000,-77.030000,90.000000,bottom
"C50","100nF","C_0402_1005Metric",94.150000,-77.030000,90.000000,bottom
"C51","100nF","C_0402_1005Metric",89.130000,-71.850000,0.000000,bottom
"C52","100nF","C_0402_1005Metric",146.000000,-53.220000,-90.000000,bottom
"C53","100nF","C_0402_1005Metric",146.950000,-53.220000,-90.000000,bottom
"C54","100nF","C_0402_1005Metric",94.150000,-66.620000,-90.000000,bottom
"C55","100nF","C_0402_1005Metric",97.750000,-66.675000,-90.000000,bottom
"C56","100nF","C_0402_1005Metric",100.770000,-71.895000,180.000000,bottom
"C57","100nF","C_0402_1005Metric",100.380000,-69.050000,180.000000,bottom
"C58","100nF","C_0402_1005Metric",130.850000,-57.980000,-90.000000,bottom
"C59","100nF","C_0402_1005Metric",132.850000,-57.980000,-90.000000,bottom
"C60","1μF","C_0402_1005Metric",100.370000,-70.000000,180.000000,bottom
"C61","100nF","C_0402_1005Metric",100.770000,-70.950000,180.000000,bottom
"C62","100nF","C_0402_1005Metric",99.370000,-67.105000,180.000000,bottom
"C63","100nF","C_0402_1005Metric",100.380000,-72.850000,180.000000,bottom
"C64","100nF","C_0402_1005Metric",89.130000,-70.900000,0.000000,bottom
"C65","15pF","C_0402_1005Metric",91.030000,-75.250000,0.000000,bottom
"C66","100nF","C_0402_1005Metric",143.370000,-83.100000,180.000000,bottom
"C67","1μF","C_0402_1005Metric",129.930000,-66.150000,0.000000,bottom
"C68","15pF","C_0402_1005Metric",87.700000,-72.330000,90.000000,bottom
"C69","100nF","C_0402_1005Metric",106.100000,-68.020000,90.000000,bottom
"C70","10μF","C_0603_1608Metric",142.225000,-111.950000,180.000000,bottom
"C71","100nF","C_0402_1005Metric",142.770000,-110.750000,180.000000,bottom
"C72","100nF","C_0402_1005Metric",117.840000,-103.350000,0.000000,bottom
"C73","10μF","C_0603_1608Metric",118.425000,-104.600000,0.000000,bottom
"C74","15pF","C_0402_1005Metric",171.750000,-65.330000,90.000000,bottom
"C75","15pF","C_0402_1005Metric",171.320000,-67.450000,0.000000,bottom
"C76","100nF","C_0402_1005Metric",159.520000,-66.792500,0.000000,bottom
"C77","100nF","C_0402_1005Metric",153.350000,-72.930000,-90.000000,bottom
"C78","100nF","C_0402_1005Metric",171.320000,-69.350000,180.000000,bottom
"C79","1μF","C_0402_1005Metric",159.520000,-69.642500,0.000000,bottom
"C80","100nF","C_0402_1005Metric",159.520000,-70.592500,0.000000,bottom
"C81","100nF","C_0402_1005Metric",159.520000,-67.742500,0.000000,bottom
"C82","100nF","C_0402_1005Metric",162.650000,-73.372500,90.000000,bottom
"C83","100nF","C_0402_1005Metric",166.250000,-73.372500,90.000000,bottom
"C84","100nF","C_0402_1005Metric",171.320000,-68.400000,180.000000,bottom
"C85","100nF","C_0402_1005Metric",166.400000,-62.692500,-90.000000,bottom
"C86","100nF","C_0402_1005Metric",162.650000,-62.672500,-90.000000,bottom
"C87","100nF","C_0402_1005Metric",159.520000,-68.692500,0.000000,bottom
"C88","100nF","C_0402_1005Metric",159.510000,-72.492500,0.000000,bottom
"C89","100nF","C_0402_1005Metric",178.380000,-61.742500,180.000000,bottom
"C90","100nF","C_0402_1005Metric",167.120000,-55.142500,0.000000,bottom
"C91","100nF","C_0402_1005Metric",177.230000,-54.650000,180.000000,bottom
"C92","2.2μF","C_0402_1005Metric",176.800000,-57.022500,-90.000000,bottom
"C93","10μF","C_0402_1005Metric",178.390000,-57.785000,0.000000,bottom
"C94","1μF","C_0402_1005Metric",167.120000,-57.092500,180.000000,bottom
"C95","1μF","C_0402_1005Metric",164.560000,-57.222500,90.000000,bottom
"C96","2.2μF","C_0402_1005Metric",164.490000,-58.692500,180.000000,bottom
"C97","100nF","C_0402_1005Metric",163.280000,-59.792500,0.000000,bottom
"C98","1μF","C_0402_1005Metric",163.490000,-55.742500,0.000000,bottom
"C99","10μF","C_0402_1005Metric",178.380000,-60.792500,180.000000,bottom
"C100","18pF","C_0402_1005Metric",140.100000,-63.230000,-90.000000,bottom
"C101","18pF","C_0402_1005Metric",143.820000,-65.950000,180.000000,bottom
"C102","10μF","C_0603_1608Metric",120.275000,-53.850000,180.000000,bottom
"C103","100nF","C_0402_1005Metric",120.580000,-55.050000,180.000000,bottom
"C104","22μF","C_0603_1608Metric",124.225000,-57.350000,180.000000,bottom
"C105","100nF","C_0402_1005Metric",123.930000,-58.550000,180.000000,bottom
"C106","100nF","C_0402_1005Metric",143.070000,-59.150000,180.000000,bottom
"C107","150μF","CP_EIA-3528-21_Kemet-B_HandSolder",154.322500,-60.300000,0.000000,bottom
"C108","150μF","CP_EIA-3528-21_Kemet-B_HandSolder",154.322500,-57.000000,0.000000,bottom
"C109","10μF","C_0603_1608Metric",106.050000,-52.775000,90.000000,bottom
"C110","10μF","C_0603_1608Metric",93.450000,-52.225000,90.000000,bottom
"C111","10μF","C_0402_1005Metric",141.050000,-77.480000,90.000000,bottom
"C112","100nF","C_0402_1005Metric",142.000000,-77.480000,90.000000,bottom
"C113","10μF","C_0603_1608Metric",100.675000,-50.900000,0.000000,bottom
"C114","100nF","C_0402_1005Metric",100.580000,-52.090000,0.000000,bottom
"C115","10μF","C_0402_1005Metric",177.230000,-55.600000,180.000000,bottom
"C116","10μF","C_0402_1005Metric",167.120000,-56.092500,0.000000,bottom
"C117","2.2μF","C_0402_1005Metric",161.180000,-60.042500,0.000000,bottom
"C118","2.2nF","C_0402_1005Metric",158.140000,-57.992500,180.000000,bottom
"C119","2.2nF","C_0402_1005Metric",158.130000,-56.492500,180.000000,bottom
"D5","USB_HUB_C","SOT-23-6_L2.9-W1.6-P0.95-LS2.8-BL",153.022500,-53.200000,180.000000,bottom
"D6","USB_HUB_A","SOT-23-6_L2.9-W1.6-P0.95-LS2.8-BL",138.377500,-59.200000,180.000000,bottom
"D7","BAT54","SOT-23-3_L2.9-W1.4-P1.90-LS2.6-BR",105.590000,-61.400000,180.000000,bottom
"D8","BAT54","SOT-23-3_L2.9-W1.4-P1.90-LS2.6-BR",102.090000,-61.400000,180.000000,bottom
"D9","1N4148W","SOD-123_L2.8-W1.8-LS3.7-RD",64.090000,-80.850000,0.000000,bottom
"Fan","Fan","CONN-TH_S2B-PH-K-S-LF-SN",63.400000,-77.800000,180.000000,bottom
"HDMI","J_SBC_HDMI","FPC-SMD_24P-P0.50_FPC-05F-24PH20",129.560000,-109.790000,-90.000000,bottom
"J1","Battery","CONN_BM06B-ACHFKS-GACN-ETF_JST",83.400000,-56.199998,90.000000,bottom
"J9","PJ-307C","AUDIO-TH_PJ307C",162.267500,-49.450000,180.000000,bottom
"K_SW1","KeyBoard","KEY-SMD_4P-SKSCLXX010",64.550000,-45.250000,0.000000,bottom
"K_SW2","KeyBoard","KEY-SMD_4P-SKSCLXX010",188.450000,-45.230000,0.000000,bottom
"L1","2.2μH","IND-SMD_L4.4-W4.2",92.370000,-48.450000,180.000000,bottom
"L2","1µH / 3A","IND-SMD_L3.2-W2.5_CKST322512-2.2UH",109.100000,-56.400000,90.000000,bottom
"L3","10μH","IND-SMD_L4.7-W4.2",129.650000,-72.350000,-90.000000,bottom
"L4","1µH / 3A","IND-SMD_L3.2-W2.5_CKST322512-2.2UH",123.950000,-53.500000,180.000000,bottom
"LSPK","SPK_L","CONN-TH_S2B-PH-K-S-LF-SN",111.700000,-106.700000,-90.000000,bottom
"M.2","M.2","CONN-SMD_67P-P0.50-V_NXSM0-S67XX-XX40",188.030000,-83.200000,-90.000000,bottom
"PCIE","SBC_PCIE","FPC-SMD_16P-P0.50_FPC-05F-16PH20",150.090000,-87.950000,-90.000000,bottom
"Q1","BSS138","SOT-23-3_L2.9-W1.6-P1.90-LS2.8-BR",68.990000,-80.850000,0.000000,bottom
"R1","10kΩ","R_0402_1005Metric",101.090000,-53.650000,180.000000,bottom
"R2","10kΩ","R_0402_1005Metric",101.090000,-54.650000,180.000000,bottom
"R3","330Ω","R_0402_1005Metric",87.115000,-46.025000,180.000000,bottom
"R4","10kΩ","R_0402_1005Metric",98.250000,-56.510000,90.000000,bottom
"R5","270Ω","R_0603_1608Metric",97.000000,-57.375000,-90.000000,bottom
"R6","10kΩ","R_0402_1005Metric",95.750000,-58.690000,90.000000,bottom
"R7","10kΩ","R_0402_1005Metric",94.800000,-58.690000,90.000000,bottom
"R8","470Ω","R_0402_1005Metric",178.390000,-58.792500,180.000000,bottom
"R9","750kΩ","R_0603_1608Metric",104.500000,-54.975000,90.000000,bottom
"R10","100kΩ","R_0402_1005Metric",104.500000,-52.490000,-90.000000,bottom
"R11","100kΩ","R_0402_1005Metric",121.760000,-49.800000,0.000000,bottom
"R12","10kΩ","R_0402_1005Metric",150.040000,-61.550000,0.000000,bottom
"R13","100kΩ","R_0402_1005Metric",129.900000,-65.200000,180.000000,bottom
"R14","10kΩ","R_0402_1005Metric",101.540000,-63.450000,0.000000,bottom
"R15","100kΩ","R_0402_1005Metric",126.640000,-65.750000,0.000000,bottom
"R16","10kΩ","R_0402_1005Metric",131.490000,-80.550000,0.000000,bottom
"R17","10kΩ","R_0402_1005Metric",143.360000,-81.800000,180.000000,bottom
"R18","6.04kΩ","R_0603_1608Metric",146.975000,-66.200000,180.000000,bottom
"R19","10kΩ","R_0402_1005Metric",129.900000,-64.250000,0.000000,bottom
"R20","10kΩ","R_0402_1005Metric",131.490000,-83.100000,0.000000,bottom
"R21","10kΩ","R_0402_1005Metric",95.750000,-66.640000,90.000000,bottom
"R22","100kΩ","R_0402_1005Metric",126.640000,-66.700000,0.000000,bottom
"R23","100kΩ","R_0402_1005Metric",126.640000,-67.650000,0.000000,bottom
"R24","100kΩ","R_0402_1005Metric",126.640000,-68.600000,0.000000,bottom
"R25","10kΩ","R_0402_1005Metric",150.390000,-55.080000,-90.000000,bottom
"R26","10kΩ","R_0402_1005Metric",89.120000,-69.950000,180.000000,bottom
"R27","27Ω","R_0603_1608Metric",121.075000,-76.500000,180.000000,bottom
"R28","27Ω","R_0603_1608Metric",121.075000,-75.000000,180.000000,bottom
"R29","10kΩ","R_0402_1005Metric",106.100000,-79.610000,-90.000000,bottom
"R30","1kΩ","R_0402_1005Metric",100.390000,-74.450000,180.000000,bottom
"R31","330Ω","R_0402_1005Metric",114.040000,-114.350000,0.000000,bottom
"R32","330Ω","R_0402_1005Metric",109.040000,-114.350000,0.000000,bottom
"R33","330Ω","R_0402_1005Metric",104.040000,-114.350000,0.000000,bottom
"R34","100Ω","R_0402_1005Metric",99.390000,-68.050000,0.000000,bottom
"R35","220kΩ","R_0603_1608Metric",142.225000,-109.500000,180.000000,bottom
"R36","10kΩ","R_0402_1005Metric",171.350000,-70.300000,0.000000,bottom
"R37","1kΩ","R_0402_1005Metric",152.000000,-64.260000,-90.000000,bottom
"R38","100Ω","R_0402_1005Metric",159.490000,-71.542500,180.000000,bottom
"R39","10kΩ","R_0402_1005Metric",151.050000,-64.260000,-90.000000,bottom
"R40","27Ω","R_0603_1608Metric",146.375000,-71.500000,0.000000,bottom
"R41","27Ω","R_0603_1608Metric",146.375000,-73.000000,0.000000,bottom
"R42","10kΩ","R_0402_1005Metric",126.440000,-72.050000,0.000000,bottom
"R43","100kΩ","R_0402_1005Metric",120.590000,-56.000000,180.000000,bottom
"R44","100kΩ","R_0402_1005Metric",120.340000,-58.450000,0.000000,bottom
"R45","750kΩ","R_0603_1608Metric",120.025000,-57.200000,0.000000,bottom
"R46","4.7kΩ","R_0402_1005Metric",126.750000,-84.960000,90.000000,bottom
"R47","10kΩ","R_0402_1005Metric",125.800000,-84.960000,90.000000,bottom
"R48","5.1kΩ","R_0402_1005Metric",106.600000,-49.860000,90.000000,bottom
"R49","5.1kΩ","R_0402_1005Metric",109.250000,-49.860000,90.000000,bottom
"R50","56kΩ","R_0603_1608Metric",148.200000,-53.775000,-90.000000,bottom
"R51","56kΩ","R_0603_1608Metric",155.300000,-50.275000,90.000000,bottom
"R52","5.1kΩ","R_0402_1005Metric",125.490000,-93.000000,0.000000,bottom
"R53","10kΩ","R_0402_1005Metric",100.510000,-98.500000,0.000000,bottom
"R54","470Ω","R_0402_1005Metric",178.390000,-59.792500,180.000000,bottom
"R55","10kΩ","R_0402_1005Metric",100.510000,-97.550000,0.000000,bottom
"R56","1kΩ","R_0402_1005Metric",70.740000,-77.950000,0.000000,bottom
"R57","10kΩ","R_0402_1005Metric",70.760000,-78.900000,180.000000,bottom
"R58","4.7kΩ","R_0402_1005Metric",126.640000,-63.850000,0.000000,bottom
"R59","4.7kΩ","R_0402_1005Metric",126.640000,-64.800000,0.000000,bottom
"R60","5.1kΩ","R_0402_1005Metric",125.490000,-92.050000,0.000000,bottom
"R61","10kΩ","R_0402_1005Metric",146.490000,-89.475000,180.000000,bottom
"R62","10kΩ","R_0402_1005Metric",146.490000,-90.425000,0.000000,bottom
"R63","100kΩ","R_0402_1005Metric",165.450000,-62.370000,90.000000,bottom
"R64","10kΩ","R_0402_1005Metric",104.040000,-63.400000,0.000000,bottom
"RP2040#1","W25Q32JVSSIQ","SOIC-8_L5.3-W5.3-P1.27-LS8.0-BL",104.172500,-73.795000,180.000000,bottom
"RP2040#2","W25Q32JVSSIQ","SOIC-8_L5.3-W5.3-P1.27-LS8.0-BL",155.277500,-67.250000,0.000000,bottom
"RSPK","SPK_R","CONN-TH_S2B-PH-K-S-LF-SN",147.650000,-114.700000,90.000000,bottom
"SW1","SW_START","KEY-SMD_4P-SKSCLXX010",99.500000,-45.455000,0.000000,bottom
"SW2","KillSW","SW-TH_MSK12C02",120.500000,-46.350000,0.000000,bottom
"SW_D1","1N4148W","SOD-123_L2.8-W1.8-LS3.7-RD",64.550000,-49.150000,0.000000,bottom
"SW_D2","1N4148W","SOD-123_L2.8-W1.8-LS3.7-RD",188.450000,-49.100000,180.000000,bottom
"Stick","5034800440","FPC-SMD_5034800400",146.730000,-106.990000,-90.000000,bottom
"U1","BQ25895RTWR","QFN-24_L4.0-W4.0-P0.50-TL-EP2.7",96.665000,-52.900000,180.000000,bottom
"U2","TPS61023DRLR","SOT-563_L1.6-W1.2-P0.50-LS1.6-BR",106.650000,-55.550000,90.000000,bottom
"U3","AP2112K-3.3TRG1","SOT-25-5_L2.9-W1.6-P0.95-LS2.8-BL",114.600000,-50.909792,90.000000,bottom
"U4","VL812","QFN-76_L9.0-W9.0-P0.40-BL-EP",136.900000,-70.350000,-90.000000,bottom
"U5","W25Q32JVSSIQ","SOIC-8_L5.3-W5.3-P1.27-LS8.0-BL",137.300000,-81.172500,90.000000,bottom
"U6","RP2040#1","LQFN-56_L7.0-W7.0-P0.4-EP",95.150000,-71.845000,90.000000,bottom
"U7","TPS61023DRLR","SOT-563_L1.6-W1.2-P0.50-LS1.6-BR",122.700000,-56.000000,180.000000,bottom
"U8","USB31-TYPE-C-FSABC","USB-C-SMD_USB31-TYPE-C-FSABC",148.950000,-47.150000,0.000000,bottom
"U9","MAX98357AEWL+T_L","WLP-9_L1.4-W1.3-P0.40-R3-C3-BR",115.650000,-104.600000,-90.000000,bottom
"U10","TPS2042BDR","SOIC-8_L4.9-W3.9-P1.27-LS6.0-BL",147.820000,-58.520000,90.000000,bottom
"U11","RP2040#2","LQFN-56_L7.0-W7.0-P0.4-EP",165.250000,-67.842500,-90.000000,bottom
"U12","HC-USB3.0-L168-WP","USB-TH_USB3.0-A",134.850000,-54.000000,0.000000,bottom
"U13","PCM5102APWR","TSSOP-20_L6.5-W4.4-P0.65-LS6.4-BL",172.150000,-58.670000,-90.000000,bottom
"U14","TPA6132A2RTER","WQFN-16_L3.0-W3.0-P0.50-TL-EP1.6",161.410000,-57.242500,0.000000,bottom
"U15","MAX98357AEWL+T_R","WLP-9_L1.4-W1.3-P0.40-R3-C3-BR",145.000000,-111.950000,90.000000,bottom
"U16","RT9080-33GJ5","TSOT-23-5_L2.9-W1.6-P0.95-LS2.8-BL",188.500000,-69.877500,90.000000,bottom
"USB3.0","J_SBC_USB_3.1","FPC-SMD_24P-P0.50_FPC-05F-24PH20",129.560000,-92.500000,-90.000000,bottom
"USBC1","J_USB_PWR","USB-C_SMD-TYPE-C-31-M-12_1",107.850000,-45.577500,0.000000,bottom
"USBPOW","J_SBC_USB_2.0","FPC-SMD_24P-P0.50_FPC-05F-24PH20",104.060000,-92.500000,-90.000000,bottom
"Y1","C9006","CRYSTAL-SMD_4P-L3.2-W2.5-BL",142.950000,-63.600000,0.000000,bottom
"Y2","C70565","CRYSTAL-SMD_4P-L3.2-W2.5-BL",173.935000,-65.807500,-90.000000,bottom
"Y4","C70565","CRYSTAL-SMD_4P-L3.2-W2.5-BL",87.715000,-75.115000,180.000000,bottom
